account_id,account_name,division,region,segment,country,customer_since,csm_owner,renewal_date
ACC-0001,State College of Westfield 1,Higher Ed,NAM,Mid-Market,United States,2021-11-30,Alex Rivera,2025-11-29
ACC-0002,West Pinehurst Academy Network 2,K12,NAM,School,United States,2022-03-10,Taylor Brooks,2026-03-09
ACC-0003,Tech Institute of Summit 3,Higher Ed,NAM,SMB,United States,2019-09-05,Jordan Chen,2025-09-03
ACC-0004,Fairmont Charter Schools 4,K12,NAM,School,United States,2021-06-14,,2025-06-13
ACC-0005,East Riverton Unified School District 5,K12,EMEA,School,United Kingdom,2020-05-12,Jordan Chen,2026-05-11
ACC-0006,Tech Institute of Lakeshore 6,Higher Ed,APAC,Mid-Market,Japan,2019-05-02,Taylor Brooks,2026-04-30
ACC-0007,Polytechnic of Riverton 7,Higher Ed,EMEA,Enterprise,Germany,2022-07-02,Taylor Brooks,2025-07-01
ACC-0008,University of Riverton 8,Higher Ed,EMEA,Mid-Market,United Kingdom,2020-10-12,Taylor Brooks,2025-10-11
ACC-0009,Greater Fairmont Academy Network 9,K12,APAC,School,Singapore,2020-11-21,Sam Patel,2025-11-20
ACC-0010,East Glenwood School District 10,K12,EMEA,District,Germany,2019-08-13,Avery Kim,2025-08-11
ACC-0011,West Glenwood Charter Schools 11,K12,NAM,District,United States,2022-08-16,,2025-08-15
ACC-0012,University of Pinehurst 12,Higher Ed,NAM,SMB,United States,2024-04-15,Taylor Brooks,2026-04-15
ACC-0013,Polytechnic of Lakeshore 13,Higher Ed,NAM,SMB,United States,2021-06-19,,2025-06-18
ACC-0014,University of Harborview 14,Higher Ed,NAM,SMB,United States,2018-06-21,Casey Nguyen,2025-06-19
ACC-0015,State College of Westfield 15,Higher Ed,APAC,Mid-Market,India,2023-10-08,,2025-10-07
ACC-0016,Tech Institute of Pinehurst 16,HigherEd,NAM,Mid-Market,United States,2022-07-26,Morgan Liu,2025-07-25
ACC-0017,Community College of Pinehurst 17,Higher Ed,NAM,Mid-Market,United States,2020-03-25,Morgan Liu,2026-03-24
ACC-0018,Westfield Unified School District 18,K12,NAM,School,United States,2021-12-12,Casey Nguyen,2025-12-11
ACC-0019,East Lakeshore Charter Schools 19,K12,NAM,School,United States,2022-01-06,Riley Foster,2026-01-05
ACC-0020,South Fairmont Unified School District 20,K12,NAM,District,United States,2019-09-02,Casey Nguyen,2025-08-31
ACC-0021,State College of Glenwood 21,Higher Ed,NAM,Enterprise,United States,2019-05-22,Morgan Liu,2026-05-20
ACC-0022,University of Pinehurst 22,Higher Ed,NAM,SMB,United States,2023-04-27,Sam Patel,2026-04-26
ACC-0023,State College of Glenwood 23,Higher Ed,NAM,SMB,United States,2023-10-05,Avery Kim,2025-10-04
ACC-0024,Greater Riverton School District 24,K12,EMEA,School,Germany,2018-12-17,,2025-12-15
ACC-0025,East Pinehurst Public Schools 25,K12,NAM,District,United States,2019-01-27,Jordan Chen,2026-01-25
ACC-0026,Polytechnic of Riverton 26,Higher Ed,EMEA,Enterprise,United Kingdom,2023-01-27,,2026-01-26
ACC-0027,State College of Summit 27,Higher Ed,NAM,Mid-Market,United States,2020-11-23,Taylor Brooks,2025-11-22
ACC-0028,Community College of Westfield 28,higher ed,APAC,SMB,Singapore,2024-04-24,Taylor Brooks,2026-04-24
ACC-0029,North Summit Public Schools 29,K12,NAM,District,United States,2021-09-05,,2025-09-04
ACC-0030,Greater Summit Unified School District 30,K12,APAC,District,Singapore,2023-04-04,Taylor Brooks,2026-04-03
ACC-0031,Polytechnic of Fairmont 31,Higher Ed,EMEA,Enterprise,France,2021-06-16,Riley Foster,2025-06-15
ACC-0032,Tech Institute of Lakeshore 32,Higher Ed,NAM,Mid-Market,United States,2022-12-14,Alex Rivera,2025-12-13
ACC-0033,East Northbridge School District 33,K12,APAC,School,India,2022-09-30,Alex Rivera,2025-09-29
ACC-0034,North Riverton Public Schools 34,K12,APAC,School,Japan,2023-12-21,Riley Foster,2025-12-20
ACC-0035,State College of Lakeshore 35,Higher Ed,EMEA,SMB,Spain,2021-10-06,Casey Nguyen,2025-10-05
ACC-0036,Tech Institute of Lakeshore 36,Higher Ed,NAM,Mid-Market,United States,2021-08-20,Avery Kim,2025-08-19
ACC-0037,Greater Riverton Unified School District 37,K12,APAC,District,India,2020-12-29,Taylor Brooks,2025-12-28
ACC-0038,Community College of Pinehurst 38,Higher Ed,,Mid-Market,Brazil,2018-09-15,Taylor Brooks,2025-09-13
ACC-0039,East Glenwood School District 39,K12,LATAM,District,Colombia,2023-03-15,,2026-03-14
ACC-0040,West Glenwood Unified School District 40,K12,APAC,District,Japan,2023-12-03,Jordan Chen,2025-12-02
ACC-0041,Tech Institute of Pinehurst 41,Higher Ed,APAC,Mid-Market,India,2023-01-08,Riley Foster,2026-01-07
ACC-0042,State College of Summit 42,Higher Ed,EMEA,Enterprise,Spain,2020-03-02,Taylor Brooks,2026-03-01
ACC-0043,South Fairmont Academy Network 43,K12,EMEA,School,Germany,2020-10-21,Sam Patel,2025-10-20
ACC-0044,University of Riverton 44,Higher Ed,NAM,Mid-Market,United States,2020-08-29,Sam Patel,2025-08-28
ACC-0045,South Glenwood Charter Schools 45,K12,NAM,District,United States,2023-08-08,Riley Foster,2025-08-07
ACC-0046,South Riverton Public Schools 46,K12,EMEA,District,Spain,2023-03-23,Morgan Liu,2026-03-22
ACC-0047,Polytechnic of Pinehurst 47,Higher Ed,NAM,Enterprise,United States,2019-03-17,,2026-03-15
ACC-0048,Community College of Fairmont 48,HigherEd,APAC,Mid-Market,Singapore,2022-08-20,Taylor Brooks,2025-08-19
ACC-0049,Community College of Westfield 49,Higher Ed,NAM,Mid-Market,United States,2021-05-04,Casey Nguyen,2026-05-03
ACC-0050,South Lakeshore Public Schools 50,K12,NAM,District,United States,2021-10-28,Casey Nguyen,2025-10-27
ACC-0051,Community College of Northbridge 51,Higher Ed,NAM,Enterprise,United States,2019-09-16,Casey Nguyen,2025-09-14
ACC-0052,East Pinehurst Charter Schools 52,K12,NAM,School,United States,2019-09-20,Taylor Brooks,2025-09-18
ACC-0053,State College of Fairmont 53,Higher Ed,NAM,Mid-Market,United States,2019-11-19,,2025-11-17
ACC-0054,Community College of Lakeshore 54,Higher Ed,,Mid-Market,United States,2022-11-24,Casey Nguyen,2025-11-23
ACC-0055,North Glenwood School District 55,K12,NAM,School,United States,2020-03-02,,2026-03-01
ACC-0056,West Northbridge Unified School District 56,K12,LATAM,District,Brazil,2023-08-25,,2025-08-24
ACC-0057,South Summit School District 57,K12,NAM,School,United States,2021-12-22,Taylor Brooks,2025-12-21
ACC-0058,South Riverton Unified School District 58,K12,NAM,District,United States,2020-03-17,Taylor Brooks,2026-03-16
ACC-0059,Tech Institute of Pinehurst 59,Higher Ed,EMEA,Enterprise,Spain,2023-12-16,,2025-12-15
ACC-0060,University of Glenwood 60,Higher Ed,NAM,Mid-Market,United States,2018-12-03,Sam Patel,2025-12-01
ACC-0061,Polytechnic of Pinehurst 61,Higher Ed,EMEA,SMB,Spain,2021-05-22,,2026-05-21
ACC-0062,North Fairmont Public Schools 62,K12,APAC,School,India,2023-06-13,Alex Rivera,2025-06-12
ACC-0063,Tech Institute of Harborview 63,Higher Ed,NAM,Mid-Market,United States,2020-06-09,Alex Rivera,2025-06-08
ACC-0064,Community College of Pinehurst 64,Higher Ed,NAM,Enterprise,United States,2019-11-11,Avery Kim,2025-11-09
ACC-0065,State College of Summit 65,Higher Ed,NAM,Mid-Market,United States,2019-11-19,,2025-11-17
ACC-0066,West Fairmont School District 66,K12,LATAM,School,Brazil,2020-06-21,Jordan Chen,2025-06-20
ACC-0067,State College of Riverton 67,Higher Ed,NAM,Mid-Market,United States,2022-05-05,,2026-05-04
ACC-0068,State College of Summit 68,Higher Ed,NAM,Mid-Market,United States,2023-04-17,Taylor Brooks,2026-04-16
ACC-0069,East Summit Public Schools 69,K12,NAM,District,United States,2023-10-22,,2025-10-21
ACC-0070,North Fairmont Unified School District 70,K12,NAM,District,United States,2023-11-04,Jordan Chen,2025-11-03
ACC-0071,University of Riverton 71,Higher Ed,EMEA,Enterprise,United Kingdom,2021-01-04,,2026-01-03
ACC-0072,Community College of Summit 72,Higher Ed,NAM,Mid-Market,United States,2019-05-14,,2026-05-12
ACC-0073,West Riverton School District 73,K12,LATAM,District,Brazil,2022-02-01,Sam Patel,2026-01-31
ACC-0074,Tech Institute of Northbridge 74,Higher Ed,NAM,Mid-Market,United States,2019-02-24,Taylor Brooks,2026-02-22
ACC-0075,Polytechnic of Riverton 75,Higher Ed,NAM,Mid-Market,United States,2021-06-14,Morgan Liu,2025-06-13
ACC-0076,University of Lakeshore 76,Higher Ed,APAC,SMB,Japan,2023-08-14,Jordan Chen,2025-08-13
ACC-0077,Polytechnic of Pinehurst 77,Higher Ed,NAM,Mid-Market,United States,2021-05-13,,2026-05-12
ACC-0078,Westfield Public Schools 78,K12,NAM,District,United States,2021-08-11,Alex Rivera,2025-08-10
ACC-0079,Tech Institute of Lakeshore 79,Higher Ed,NAM,Mid-Market,United States,2019-06-17,Avery Kim,2025-06-15
ACC-0080,North Glenwood Academy Network 80,K12,NAM,School,United States,2022-08-13,Alex Rivera,2025-08-12
ACC-0081,Polytechnic of Northbridge 81,Higher Ed,NAM,Mid-Market,United States,2019-11-20,Morgan Liu,2025-11-18
ACC-0082,University of Riverton 82,Higher Ed,EMEA,Mid-Market,France,2019-06-18,Avery Kim,2025-06-16
ACC-0083,State College of Summit 83,Higher Ed,,Enterprise,United States,2021-09-25,Morgan Liu,2025-09-24
ACC-0084,State College of Fairmont 84,Higher Ed,APAC,Mid-Market,Japan,2023-02-06,Avery Kim,2026-02-05
ACC-0085,State College of Pinehurst 85,Higher Ed,NAM,Mid-Market,United States,2020-02-12,Riley Foster,2026-02-10
ACC-0086,North Summit Charter Schools 86,K12,EMEA,District,Spain,2024-05-22,,2026-05-22
ACC-0087,Community College of Harborview 87,Higher Ed,NAM,SMB,United States,2020-03-09,Riley Foster,2026-03-08
ACC-0088,West Glenwood Academy Network 88,K12,,District,Germany,2019-02-11,Sam Patel,2026-02-09
ACC-0089,University of Pinehurst 89,Higher Ed,EMEA,SMB,Spain,2019-06-25,Sam Patel,2025-06-23
ACC-0090,Tech Institute of Harborview 90,Higher Ed,EMEA,Enterprise,Spain,2019-02-25,,2026-02-23
ACC-0091,East Northbridge Charter Schools 91,K12,NAM,School,United States,2018-12-12,Taylor Brooks,2025-12-10
ACC-0092,University of Fairmont 92,Higher Ed,EMEA,Mid-Market,Germany,2023-04-25,Alex Rivera,2026-04-24
ACC-0093,Greater Riverton Charter Schools 93,K12,NAM,District,United States,2019-08-03,Sam Patel,2025-08-01
ACC-0094,South Lakeshore Public Schools 94,K12,APAC,School,Japan,2021-09-19,Taylor Brooks,2025-09-18
ACC-0095,Polytechnic of Lakeshore 95,Higher Ed,APAC,Mid-Market,India,2021-03-11,,2026-03-10
ACC-0096,North Riverton Academy Network 96,K12,LATAM,School,Brazil,2019-04-18,Riley Foster,2026-04-16
ACC-0097,University of Glenwood 97,Higher Ed,EMEA,SMB,France,2021-02-08,Alex Rivera,2026-02-07
ACC-0098,State College of Harborview 98,Higher Ed,EMEA,SMB,Germany,2021-03-17,Taylor Brooks,2026-03-16
ACC-0099,University of Northbridge 99,Higher Ed,EMEA,Mid-Market,France,2022-11-19,,2025-11-18
ACC-0100,West Glenwood Public Schools 100,K12,NAM,Charter Network,United States,2020-10-02,Casey Nguyen,2025-10-01
ACC-0101,Community College of Summit 101,Higher Ed,APAC,SMB,Australia,2021-07-15,Jordan Chen,2025-07-14
ACC-0102,East Harborview Unified School District 102,K12,LATAM,School,Mexico,2019-12-18,,2025-12-16
ACC-0103,East Glenwood School District 103,K12,NAM,School,United States,2021-06-24,Alex Rivera,2025-06-23
ACC-0104,University of Fairmont 104,Higher Ed,APAC,Mid-Market,India,2021-12-08,Sam Patel,2025-12-07
ACC-0105,Riverton Charter Schools 105,K12,NAM,Charter Network,United States,2023-02-12,Casey Nguyen,2026-02-11
ACC-0106,Polytechnic of Lakeshore 106,Higher Ed,EMEA,SMB,Spain,2019-09-20,,2025-09-18
ACC-0107,State College of Fairmont 107,Higher Ed,LATAM,Enterprise,Mexico,2020-04-06,Jordan Chen,2026-04-05
ACC-0108,University of Glenwood 108,Higher Ed,NAM,SMB,United States,2020-05-24,Avery Kim,2026-05-23
ACC-0109,Harborview Public Schools 109,K12,NAM,School,United States,2024-03-06,,2026-03-06
ACC-0110,Greater Northbridge School District 110,K12,NAM,School,United States,2020-09-25,Taylor Brooks,2025-09-24
ACC-0111,University of Harborview 111,Higher Ed,NAM,SMB,United States,2022-12-10,Sam Patel,2025-12-09
ACC-0112,West Westfield Academy Network 112,K12,NAM,District,United States,2023-02-22,,2026-02-21
ACC-0113,West Pinehurst School District 113,K12,NAM,Charter Network,United States,2023-12-07,Avery Kim,2025-12-06
ACC-0114,University of Westfield 114,Higher Ed,NAM,Enterprise,United States,2019-06-12,Sam Patel,2025-06-10
ACC-0115,South Pinehurst School District 115,K12,EMEA,District,Spain,2020-10-09,Jordan Chen,2025-10-08
ACC-0116,Community College of Fairmont 116,Higher Ed,EMEA,SMB,Germany,2022-01-03,Avery Kim,2026-01-02
ACC-0117,West Summit School District 117,K12,EMEA,District,Germany,2020-11-29,Jordan Chen,2025-11-28
ACC-0118,State College of Pinehurst 118,Higher Ed,NAM,Enterprise,United States,2020-03-28,Jordan Chen,2026-03-27
ACC-0119,University of Summit 119,Higher Ed,APAC,SMB,Japan,2019-09-04,,2025-09-02
ACC-0120,Tech Institute of Pinehurst 120,Higher Ed,NAM,Mid-Market,United States,2023-03-16,,2026-03-15
ACC-0121,East Summit Unified School District 121,K12,NAM,School,United States,2024-02-15,Taylor Brooks,2026-02-14
ACC-0122,Polytechnic of Glenwood 122,Higher Ed,NAM,Enterprise,United States,2022-10-24,Alex Rivera,2025-10-23
ACC-0123,North Lakeshore School District 123,K12,NAM,District,United States,2019-05-01,,2026-04-29
ACC-0124,West Westfield School District 124,K12,NAM,District,United States,2023-11-11,,2025-11-10
ACC-0125,Tech Institute of Glenwood 125,Higher Ed,NAM,SMB,United States,2023-02-21,,2026-02-20
ACC-0126,Polytechnic of Northbridge 126,Higher Ed,EMEA,Enterprise,United Kingdom,2019-12-27,Morgan Liu,2025-12-25
ACC-0127,University of Fairmont 127,Higher Ed,EMEA,Mid-Market,Spain,2023-01-27,Riley Foster,2026-01-26
ACC-0128,University of Glenwood 128,Higher Ed,NAM,Mid-Market,United States,2020-06-12,Avery Kim,2025-06-11
ACC-0129,Community College of Summit 129,Higher Ed,APAC,Mid-Market,India,2019-11-19,Casey Nguyen,2025-11-17
ACC-0130,Glenwood Unified School District 130,K12,APAC,District,India,2020-05-11,Riley Foster,2026-05-10
ACC-0131,State College of Harborview 131,Higher Ed,NAM,Mid-Market,United States,2020-08-11,Jordan Chen,2025-08-10
ACC-0132,State College of Riverton 132,Higher Ed,NAM,SMB,United States,2020-06-24,Morgan Liu,2025-06-23
ACC-0133,Greater Fairmont Academy Network 133,K12,NAM,School,United States,2023-07-29,Casey Nguyen,2025-07-28
ACC-0134,North Northbridge School District 134,K12,NAM,District,United States,2021-01-08,Avery Kim,2026-01-07
ACC-0135,East Pinehurst Academy Network 135,K12,NAM,District,United States,2023-05-29,,2026-05-28
ACC-0136,University of Fairmont 136,Higher Ed,NAM,Mid-Market,United States,2022-09-23,Jordan Chen,2025-09-22
ACC-0137,Community College of Pinehurst 137,Higher Ed,NAM,Enterprise,United States,2019-07-05,Taylor Brooks,2025-07-03
ACC-0138,West Harborview Unified School District 138,K12,EMEA,School,France,2023-10-31,Riley Foster,2025-10-30
ACC-0139,North Westfield Charter Schools 139,K12,EMEA,School,Germany,2022-09-25,Riley Foster,2025-09-24
ACC-0140,West Harborview Public Schools 140,K12,EMEA,District,United Kingdom,2020-03-12,Casey Nguyen,2026-03-11
ACC-0141,South Riverton Public Schools 141,K12,NAM,Charter Network,United States,2020-08-02,Taylor Brooks,2025-08-01
ACC-0142,University of Harborview 142,Higher Ed,NAM,SMB,United States,2018-07-07,Sam Patel,2025-07-05
ACC-0143,West Fairmont Unified School District 143,K12,EMEA,School,Spain,2022-07-24,Morgan Liu,2025-07-23
ACC-0144,State College of Pinehurst 144,Higher Ed,EMEA,SMB,Germany,2019-05-21,Morgan Liu,2026-05-19
ACC-0145,North Glenwood Charter Schools 145,K12,APAC,Charter Network,Singapore,2019-03-29,,2026-03-27
ACC-0146,East Westfield Charter Schools 146,K12,NAM,School,United States,2020-04-03,Sam Patel,2026-04-02
ACC-0147,Riverton Academy Network 147,K12,APAC,District,Australia,2019-07-07,Alex Rivera,2025-07-05
ACC-0148,North Riverton Unified School District 148,K12,NAM,District,United States,2023-07-03,Casey Nguyen,2025-07-02
ACC-0149,State College of Fairmont 149,Higher Ed,NAM,Mid-Market,United States,2019-02-13,Alex Rivera,2026-02-11
ACC-0150,South Westfield School District 150,K12,APAC,District,Japan,2018-07-02,Alex Rivera,2025-06-30
ACC-0151,Fairmont Charter Schools 151,K12,EMEA,School,United Kingdom,2023-09-18,Sam Patel,2025-09-17
ACC-0152,Greater Westfield Charter Schools 152,K12,NAM,District,United States,2019-09-30,,2025-09-28
ACC-0153,Community College of Northbridge 153,Higher Ed,LATAM,Mid-Market,Mexico,2020-01-15,Alex Rivera,2026-01-13
ACC-0154,East Harborview Public Schools 154,K12,NAM,District,United States,2023-04-04,Casey Nguyen,2026-04-03
ACC-0155,Community College of Lakeshore 155,Higher Ed,NAM,SMB,United States,2019-03-17,Avery Kim,2026-03-15
ACC-0156,North Summit Charter Schools 156,K12,NAM,School,United States,2023-12-13,Alex Rivera,2025-12-12
ACC-0157,Tech Institute of Summit 157,Higher Ed,NAM,Mid-Market,United States,2023-11-19,Riley Foster,2025-11-18
ACC-0158,Community College of Fairmont 158,Higher Ed,APAC,Mid-Market,Japan,2022-04-28,Riley Foster,2026-04-27
ACC-0159,North Westfield Unified School District 159,K12,EMEA,School,France,2021-02-14,Avery Kim,2026-02-13
ACC-0160,Community College of Northbridge 160,Higher Ed,NAM,Mid-Market,United States,2020-06-23,Alex Rivera,2025-06-22
ACC-0161,Lakeshore Charter Schools 161,K12,EMEA,District,Spain,2022-08-16,Jordan Chen,2025-08-15
ACC-0162,East Lakeshore Academy Network 162,K12,EMEA,District,France,2024-01-21,Jordan Chen,2026-01-20
ACC-0163,State College of Westfield 163,Higher Ed,NAM,Mid-Market,United States,2021-04-17,,2026-04-16
ACC-0164,West Fairmont Public Schools 164,K12,EMEA,District,France,2021-07-01,Jordan Chen,2025-06-30
ACC-0165,Harborview School District 165,K12,NAM,District,United States,2019-06-05,Sam Patel,2025-06-03
ACC-0166,Polytechnic of Riverton 166,Higher Ed,APAC,Mid-Market,Singapore,2020-05-13,Morgan Liu,2026-05-12
ACC-0167,Community College of Pinehurst 167,Higher Ed,NAM,Mid-Market,United States,2020-04-12,Taylor Brooks,2026-04-11
ACC-0168,South Westfield Public Schools 168,K12,EMEA,District,France,2019-10-24,Avery Kim,2025-10-22
ACC-0169,State College of Glenwood 169,Higher Ed,NAM,SMB,United States,2022-05-18,Sam Patel,2026-05-17
ACC-0170,North Pinehurst School District 170,K12,NAM,Charter Network,United States,2021-11-21,,2025-11-20
ACC-0171,East Lakeshore Charter Schools 171,K12,EMEA,School,Germany,2023-05-16,,2026-05-15
ACC-0172,University of Westfield 172,Higher Ed,EMEA,SMB,United Kingdom,2023-12-16,Morgan Liu,2025-12-15
ACC-0173,Polytechnic of Summit 173,Higher Ed,NAM,Mid-Market,United States,2018-11-01,Riley Foster,2025-10-30
ACC-0174,South Fairmont Academy Network 174,K12,NAM,District,United States,2019-06-28,Sam Patel,2025-06-26
ACC-0175,South Lakeshore School District 175,K12,EMEA,School,United Kingdom,2020-07-18,Avery Kim,2025-07-17
ACC-0176,North Glenwood Charter Schools 176,K12,,District,United States,2023-11-07,Casey Nguyen,2025-11-06
ACC-0177,Community College of Pinehurst 177,Higher Ed,EMEA,Enterprise,Spain,2022-08-19,Avery Kim,2025-08-18
ACC-0178,Greater Harborview Unified School District 178,K12,APAC,District,Japan,2021-09-19,,2025-09-18
ACC-0179,University of Glenwood 179,Higher Ed,EMEA,Mid-Market,Germany,2024-04-29,Casey Nguyen,2026-04-29
ACC-0180,Tech Institute of Pinehurst 180,Higher Ed,NAM,Mid-Market,United States,2022-03-27,,2026-03-26
ACC-0181,State College of Westfield 181,Higher Ed,NAM,SMB,United States,2023-02-01,,2026-01-31
ACC-0182,Community College of Pinehurst 182,Higher Ed,EMEA,Enterprise,United Kingdom,2018-09-16,Sam Patel,2025-09-14
ACC-0183,Polytechnic of Pinehurst 183,Higher Ed,APAC,Mid-Market,Japan,2022-09-30,Casey Nguyen,2025-09-29
ACC-0184,East Harborview Charter Schools 184,K12,LATAM,School,Mexico,2021-01-23,Alex Rivera,2026-01-22
ACC-0185,West Northbridge Charter Schools 185,K12,EMEA,Charter Network,Spain,2020-12-19,,2025-12-18
ACC-0186,Polytechnic of Glenwood 186,Higher Ed,EMEA,Mid-Market,Germany,2022-07-04,,2025-07-03
ACC-0187,Community College of Lakeshore 187,Higher Ed,NAM,Enterprise,United States,2020-11-25,,2025-11-24
ACC-0188,State College of Pinehurst 188,Higher Ed,APAC,SMB,Japan,2023-09-20,Avery Kim,2025-09-19
ACC-0189,Tech Institute of Pinehurst 189,Higher Ed,NAM,Enterprise,United States,2018-06-10,Avery Kim,2025-06-08
ACC-0190,North Summit Public Schools 190,K12,NAM,School,United States,2021-11-23,Casey Nguyen,2025-11-22
ACC-0191,University of Pinehurst 191,Higher Ed,APAC,Mid-Market,India,2021-03-11,Sam Patel,2026-03-10
ACC-0192,South Summit Academy Network 192,K12,NAM,School,United States,2020-07-14,Taylor Brooks,2025-07-13
ACC-0193,State College of Northbridge 193,Higher Ed,,Enterprise,Germany,2021-09-25,Jordan Chen,2025-09-24
ACC-0194,University of Pinehurst 194,Higher Ed,EMEA,Enterprise,Germany,2022-11-16,Avery Kim,2025-11-15
ACC-0195,Tech Institute of Northbridge 195,Higher Ed,NAM,SMB,United States,2020-10-25,Alex Rivera,2025-10-24
ACC-0196,University of Glenwood 196,Higher Ed,NAM,SMB,United States,2022-06-12,Taylor Brooks,2025-06-11
ACC-0197,Tech Institute of Summit 197,Higher Ed,NAM,Mid-Market,United States,2023-03-20,,2026-03-19
ACC-0198,Community College of Summit 198,Higher Ed,NAM,Enterprise,United States,2022-08-06,Casey Nguyen,2025-08-05
ACC-0199,Polytechnic of Glenwood 199,Higher Ed,EMEA,SMB,Spain,2022-06-14,Riley Foster,2025-06-13
ACC-0200,State College of Northbridge 200,Higher Ed,NAM,Enterprise,United States,2020-10-15,Avery Kim,2025-10-14
ACC-0201,Tech Institute of Harborview 201,Higher Ed,LATAM,Mid-Market,Colombia,2024-04-16,Jordan Chen,2026-04-16
ACC-0202,University of Summit 202,Higher Ed,NAM,Mid-Market,United States,2020-12-06,Sam Patel,2025-12-05
ACC-0203,Community College of Pinehurst 203,Higher Ed,NAM,SMB,United States,2020-03-24,,2026-03-23
ACC-0204,University of Westfield 204,Higher Ed,NAM,Mid-Market,United States,2020-05-12,,2026-05-11
ACC-0205,West Riverton Charter Schools 205,K12,NAM,District,United States,2023-02-11,Avery Kim,2026-02-10
ACC-0206,Polytechnic of Northbridge 206,Higher Ed,NAM,Mid-Market,United States,2019-04-18,Alex Rivera,2026-04-16
ACC-0207,Glenwood School District 207,K12,APAC,School,Australia,2023-08-07,Avery Kim,2025-08-06
ACC-0208,North Glenwood Academy Network 208,K12,NAM,School,United States,2019-09-15,,2025-09-13
ACC-0209,East Lakeshore Public Schools 209,K12,APAC,District,Australia,2020-01-05,Avery Kim,2026-01-03
ACC-0210,State College of Fairmont 210,Higher Ed,NAM,Mid-Market,United States,2021-11-04,Morgan Liu,2025-11-03
ACC-0211,Polytechnic of Northbridge 211,Higher Ed,EMEA,Enterprise,Germany,2019-09-19,Jordan Chen,2025-09-17
ACC-0212,State College of Northbridge 212,Higher Ed,NAM,Mid-Market,United States,2023-11-15,,2025-11-14
ACC-0213,North Riverton Charter Schools 213,K12,APAC,District,Japan,2018-10-08,Taylor Brooks,2025-10-06
ACC-0214,Tech Institute of Summit 214,Higher Ed,LATAM,Mid-Market,Colombia,2019-10-13,Riley Foster,2025-10-11
ACC-0215,Polytechnic of Harborview 215,Higher Ed,NAM,Mid-Market,United States,2020-02-22,Taylor Brooks,2026-02-20
ACC-0216,North Lakeshore Academy Network 216,K12,EMEA,District,United Kingdom,2021-11-21,,2025-11-20
ACC-0217,University of Fairmont 217,Higher Ed,NAM,Mid-Market,United States,2020-09-18,Morgan Liu,2025-09-17
ACC-0218,Riverton Charter Schools 218,K12,NAM,School,United States,2023-12-23,Casey Nguyen,2025-12-22
ACC-0219,West Westfield Academy Network 219,K12,APAC,District,Singapore,2022-04-15,Morgan Liu,2026-04-14
ACC-0220,Tech Institute of Summit 220,Higher Ed,EMEA,Mid-Market,France,2018-06-08,Avery Kim,2025-06-06
ACC-0221,State College of Harborview 221,Higher Ed,APAC,Mid-Market,India,2020-10-29,,2025-10-28
ACC-0222,Tech Institute of Lakeshore 222,Higher Ed,EMEA,Enterprise,Germany,2019-09-26,Riley Foster,2025-09-24
ACC-0223,Tech Institute of Fairmont 223,higher ed,NAM,Mid-Market,United States,2020-08-19,Casey Nguyen,2025-08-18
ACC-0224,East Northbridge Unified School District 224,K12,EMEA,District,United Kingdom,2023-10-05,Sam Patel,2025-10-04
ACC-0225,State College of Pinehurst 225,Higher Ed,NAM,Mid-Market,United States,2024-04-25,,2026-04-25
ACC-0226,University of Northbridge 226,Higher Ed,APAC,SMB,Australia,2018-12-12,,2025-12-10
ACC-0227,Community College of Lakeshore 227,Higher Ed,NAM,Mid-Market,United States,2018-10-14,Sam Patel,2025-10-12
ACC-0228,North Glenwood Unified School District 228,K12,EMEA,District,France,2020-06-11,,2025-06-10
ACC-0229,West Northbridge Unified School District 229,K12,EMEA,District,Spain,2023-07-07,,2025-07-06
ACC-0230,Community College of Glenwood 230,Higher Ed,EMEA,Mid-Market,France,2023-06-29,Alex Rivera,2025-06-28
ACC-0231,North Northbridge Unified School District 231,K12,APAC,School,Australia,2019-02-01,Casey Nguyen,2026-01-30
ACC-0232,Summit Public Schools 232,K12,NAM,District,United States,2019-12-14,,2025-12-12
ACC-0233,East Harborview Unified School District 233,K12,EMEA,District,United Kingdom,2023-07-16,Jordan Chen,2025-07-15
ACC-0234,North Northbridge School District 234,K12,EMEA,Charter Network,Spain,2019-12-21,Casey Nguyen,2025-12-19
ACC-0235,University of Summit 235,Higher Ed,NAM,Enterprise,United States,2020-02-27,Taylor Brooks,2026-02-25
ACC-0236,North Harborview Unified School District 236,K12,EMEA,School,United Kingdom,2020-01-19,Avery Kim,2026-01-17
ACC-0237,South Fairmont Charter Schools 237,K12,NAM,District,United States,2022-04-26,Jordan Chen,2026-04-25
ACC-0238,South Northbridge School District 238,K12,NAM,School,United States,2020-10-12,,2025-10-11
ACC-0239,Community College of Lakeshore 239,Higher Ed,LATAM,Mid-Market,Mexico,2022-07-08,Taylor Brooks,2025-07-07
ACC-0240,Tech Institute of Fairmont 240,Higher Ed,NAM,Mid-Market,United States,2019-09-12,Morgan Liu,2025-09-10
ACC-0241,University of Lakeshore 241,Higher Ed,NAM,Mid-Market,United States,2019-04-14,Casey Nguyen,2026-04-12
ACC-0242,Tech Institute of Glenwood 242,Higher Ed,NAM,SMB,United States,2019-06-25,,2025-06-23
ACC-0243,Tech Institute of Summit 243,Higher Ed,NAM,Mid-Market,United States,2019-12-14,Riley Foster,2025-12-12
ACC-0244,East Pinehurst Public Schools 244,K12,EMEA,District,United Kingdom,2022-03-06,Morgan Liu,2026-03-05
ACC-0245,Community College of Lakeshore 245,Higher Ed,NAM,Mid-Market,United States,2019-10-31,Sam Patel,2025-10-29
ACC-0246,Polytechnic of Glenwood 246,Higher Ed,EMEA,Enterprise,Spain,2019-01-17,,2026-01-15
ACC-0247,Tech Institute of Lakeshore 247,Higher Ed,APAC,Enterprise,India,2021-08-20,Riley Foster,2025-08-19
ACC-0248,East Riverton Academy Network 248,K12,NAM,District,United States,2018-08-08,,2025-08-06
ACC-0249,University of Summit 249,Higher Ed,NAM,SMB,United States,2019-01-02,Sam Patel,2025-12-31
ACC-0250,South Harborview Academy Network 250,K12,NAM,School,United States,2018-07-29,Avery Kim,2025-07-27
ACC-0251,Harborview Unified School District 251,K12,NAM,School,United States,2023-02-16,Sam Patel,2026-02-15
ACC-0252,State College of Glenwood 252,Higher Ed,NAM,Mid-Market,United States,2019-03-28,Riley Foster,2026-03-26
ACC-0253,East Glenwood Academy Network 253,K12,EMEA,School,United Kingdom,2019-05-18,Taylor Brooks,2026-05-16
ACC-0254,Polytechnic of Lakeshore 254,Higher Ed,APAC,Enterprise,Japan,2023-04-12,Avery Kim,2026-04-11
ACC-0255,East Glenwood Charter Schools 255,K12,EMEA,District,Spain,2020-11-26,Casey Nguyen,2025-11-25
ACC-0256,Polytechnic of Westfield 256,Higher Ed,EMEA,SMB,Germany,2021-01-30,Morgan Liu,2026-01-29
ACC-0257,South Glenwood Charter Schools 257,K12,NAM,School,United States,2018-09-09,Sam Patel,2025-09-07
ACC-0258,Polytechnic of Lakeshore 258,Higher Ed,NAM,SMB,United States,2022-06-23,Sam Patel,2025-06-22
ACC-0259,Fairmont Public Schools 259,K12,NAM,District,United States,2020-05-23,,2026-05-22
ACC-0260,Community College of Lakeshore 260,Higher Ed,NAM,Mid-Market,United States,2019-06-10,Taylor Brooks,2025-06-08
ACC-0261,East Fairmont Charter Schools 261,K12,NAM,District,United States,2019-04-16,,2026-04-14
ACC-0262,Community College of Pinehurst 262,Higher Ed,NAM,SMB,United States,2023-12-14,Morgan Liu,2025-12-13
ACC-0263,Fairmont Unified School District 263,K12,LATAM,District,Colombia,2020-07-05,,2025-07-04
ACC-0264,State College of Lakeshore 264,Higher Ed,APAC,Mid-Market,Singapore,2019-08-14,,2025-08-12
ACC-0265,West Summit School District 265,K12,NAM,District,United States,2020-10-15,Riley Foster,2025-10-14
ACC-0266,State College of Riverton 266,Higher Ed,LATAM,SMB,Brazil,2022-12-30,Riley Foster,2025-12-29
ACC-0267,Community College of Fairmont 267,Higher Ed,EMEA,Mid-Market,United Kingdom,2019-10-10,,2025-10-08
ACC-0268,Community College of Harborview 268,Higher Ed,EMEA,SMB,United Kingdom,2019-04-27,Avery Kim,2026-04-25
ACC-0269,Community College of Riverton 269,Higher Ed,EMEA,SMB,Spain,2018-06-04,Taylor Brooks,2025-06-02
ACC-0270,East Fairmont School District 270,K12,NAM,District,United States,2022-12-15,Avery Kim,2025-12-14
ACC-0271,Glenwood Public Schools 271,K12,APAC,District,Japan,2019-04-20,Taylor Brooks,2026-04-18
ACC-0272,Glenwood School District 272,K12,NAM,District,United States,2022-07-25,Jordan Chen,2025-07-24
ACC-0273,Polytechnic of Riverton 273,Higher Ed,NAM,Mid-Market,United States,2022-12-06,Casey Nguyen,2025-12-05
ACC-0274,Community College of Westfield 274,Higher Ed,LATAM,Mid-Market,Brazil,2022-12-08,Jordan Chen,2025-12-07
ACC-0275,Greater Lakeshore Unified School District 275,K12,NAM,District,United States,2020-02-16,Casey Nguyen,2026-02-14
ACC-0276,Polytechnic of Fairmont 276,Higher Ed,EMEA,Enterprise,Germany,2019-10-20,Sam Patel,2025-10-18
ACC-0277,Tech Institute of Lakeshore 277,Higher Ed,EMEA,Mid-Market,Germany,2019-08-09,Jordan Chen,2025-08-07
ACC-0278,West Northbridge School District 278,K12,EMEA,School,Germany,2021-03-22,Riley Foster,2026-03-21
ACC-0279,South Glenwood Unified School District 279,K12,NAM,School,United States,2021-09-25,,2025-09-24
ACC-0280,North Lakeshore Academy Network 280,K12,APAC,District,Japan,2020-05-14,Sam Patel,2026-05-13
ACC-0281,Polytechnic of Westfield 281,Higher Ed,LATAM,SMB,Brazil,2024-03-25,Alex Rivera,2026-03-25
ACC-0282,Polytechnic of Glenwood 282,Higher Ed,APAC,Mid-Market,India,2021-03-16,,2026-03-15
ACC-0283,Polytechnic of Riverton 283,Higher Ed,NAM,Enterprise,United States,2023-07-14,,2025-07-13
ACC-0284,Tech Institute of Glenwood 284,Higher Ed,APAC,Mid-Market,Australia,2023-09-05,Jordan Chen,2025-09-04
ACC-0285,Tech Institute of Lakeshore 285,Higher Ed,NAM,Mid-Market,United States,2023-10-20,Sam Patel,2025-10-19
ACC-0286,Polytechnic of Summit 286,Higher Ed,NAM,SMB,United States,2018-07-21,Taylor Brooks,2025-07-19
ACC-0287,Community College of Summit 287,Higher Ed,NAM,SMB,United States,2020-08-29,,2025-08-28
ACC-0288,Community College of Lakeshore 288,Higher Ed,NAM,Mid-Market,United States,2023-10-18,Jordan Chen,2025-10-17
ACC-0289,University of Northbridge 289,Higher Ed,EMEA,Enterprise,United Kingdom,2018-09-17,Avery Kim,2025-09-15
ACC-0290,East Glenwood Public Schools 290,K12,APAC,District,Singapore,2024-01-09,Casey Nguyen,2026-01-08
ACC-0291,West Northbridge Public Schools 291,K12,NAM,District,United States,2018-10-15,Jordan Chen,2025-10-13
ACC-0292,Tech Institute of Westfield 292,Higher Ed,APAC,SMB,Australia,2020-12-07,Morgan Liu,2025-12-06
ACC-0293,South Harborview Charter Schools 293,K12,EMEA,School,Spain,2021-09-12,,2025-09-11
ACC-0294,University of Riverton 294,Higher Ed,NAM,Enterprise,United States,2019-10-27,Alex Rivera,2025-10-25
ACC-0295,University of Riverton 295,Higher Ed,NAM,Mid-Market,United States,2020-12-20,Alex Rivera,2025-12-19
ACC-0296,State College of Pinehurst 296,Higher Ed,NAM,Mid-Market,United States,2023-12-05,Jordan Chen,2025-12-04
ACC-0297,University of Northbridge 297,Higher Ed,NAM,Mid-Market,United States,2019-12-30,Taylor Brooks,2025-12-28
ACC-0298,North Fairmont School District 298,K12,NAM,School,United States,2020-10-04,Sam Patel,2025-10-03
ACC-0299,Community College of Fairmont 299,Higher Ed,EMEA,Enterprise,France,2022-07-29,,2025-07-28
ACC-0300,North Westfield Unified School District 300,K12,EMEA,District,Germany,2019-03-23,,2026-03-21
ACC-0301,West Riverton School District 301,K12,APAC,District,Australia,2023-05-25,Taylor Brooks,2026-05-24
ACC-0302,South Pinehurst Charter Schools 302,K12,LATAM,District,Mexico,2019-11-19,Jordan Chen,2025-11-17
ACC-0303,State College of Riverton 303,Higher Ed,NAM,Enterprise,United States,2021-12-04,Jordan Chen,2025-12-03
ACC-0304,University of Riverton 304,Higher Ed,NAM,SMB,United States,2024-03-04,Casey Nguyen,2026-03-04
ACC-0305,West Glenwood Academy Network 305,K12,APAC,District,India,2019-07-24,Riley Foster,2025-07-22
ACC-0306,South Lakeshore Unified School District 306,K12,NAM,District,United States,2021-04-12,Riley Foster,2026-04-11
ACC-0307,State College of Glenwood 307,Higher Ed,NAM,Enterprise,United States,2020-02-15,,2026-02-13
ACC-0308,Community College of Pinehurst 308,Higher Ed,LATAM,SMB,Colombia,2020-05-23,,2026-05-22
ACC-0309,Summit Unified School District 309,K12,NAM,District,United States,2021-12-17,Morgan Liu,2025-12-16
ACC-0310,Polytechnic of Northbridge 310,Higher Ed,NAM,Mid-Market,United States,2021-06-06,Sam Patel,2025-06-05
ACC-0311,East Northbridge School District 311,K12,EMEA,School,Germany,2020-05-24,,2026-05-23
ACC-0312,East Riverton Unified School District 312,K12,NAM,District,United States,2021-10-23,,2025-10-22
ACC-0313,Northbridge Public Schools 313,K12,NAM,School,United States,2020-10-15,Casey Nguyen,2025-10-14
ACC-0314,Polytechnic of Westfield 314,Higher Ed,NAM,SMB,United States,2019-12-25,Sam Patel,2025-12-23
ACC-0315,Tech Institute of Lakeshore 315,Higher Ed,EMEA,Mid-Market,France,2018-12-15,,2025-12-13
ACC-0316,State College of Lakeshore 316,Higher Ed,NAM,Mid-Market,United States,2021-02-11,Alex Rivera,2026-02-10
ACC-0317,West Westfield Academy Network 317,K12,NAM,School,United States,2021-12-10,Jordan Chen,2025-12-09
ACC-0318,West Harborview Academy Network 318,K12,LATAM,District,Brazil,2023-06-04,Morgan Liu,2025-06-03
ACC-0319,University of Glenwood 319,Higher Ed,NAM,SMB,United States,2024-05-27,Riley Foster,2026-05-27
ACC-0320,Community College of Riverton 320,Higher Ed,NAM,Mid-Market,United States,2023-04-13,Alex Rivera,2026-04-12
ACC-0321,FAIRMONT CHARTER SCHOOLS 151 ,K12,EMEA,School,United Kingdom,2023-09-18,Sam Patel,2025-09-17
ACC-0322,WEST GLENWOOD CHARTER SCHOOLS 11 ,K12,NAM,District,United States,2022-08-16,,2025-08-15
ACC-0323,WEST FAIRMONT PUBLIC SCHOOLS 164 ,K12,EMEA,District,France,2021-07-01,Jordan Chen,2025-06-30
ACC-0324,NORTH NORTHBRIDGE SCHOOL DISTRICT 134 ,K12,NAM,District,United States,2021-01-08,Avery Kim,2026-01-07
